{
  "exp_id": "EXP_001",
  "start_time": "2026-06-09T18:08:25.465897",
  "accel": {
    "status": "OK",
    "time_s": 3.74,
    "K_a": [
      [
        1.000461083078534,
        -0.0006886912676606312,
        -5.497615728096408e-05
      ],
      [
        0.0006187068397598835,
        1.000351284977135,
        -0.00020013270371823803
      ],
      [
        2.5440342105496282e-05,
        0.00024049431305892834,
        1.0004869831221068
      ]
    ],
    "D_a": [
      -0.0003103832791425071,
      -0.0015489233860299656,
      -0.00019130133812952747
    ],
    "reprojection_error": 0.00040859761079020386,
    "condition_number": 5.658609988327523
  },
  "gyro_rate": {
    "status": "OK",
    "time_s": 3.19,
    "K_g": [
      [
        1.0000233707638895,
        -0.0005971306018518524,
        -0.00010000944444444443
      ],
      [
        0.0008153106712962977,
        1.0000068337499992,
        -0.0002790233333333341
      ],
      [
        4.6772384259259136e-05,
        0.00040983775462963035,
        0.9999900443750003
      ]
    ],
    "K_g_std": [
      [
        9.708212054062773e-07,
        0.00016388302032536965,
        3.5102044192832597e-07
      ],
      [
        2.1305975031808314e-05,
        1.1530048017601574e-06,
        7.109391333548427e-06
      ],
      [
        2.836213321536652e-05,
        3.9634975209142336e-05,
        7.318861639798531e-06
      ]
    ]
  },
  "gyro_bias": {
    "status": "OK",
    "time_s": 2.35,
    "D_g_deg_s": [
      1.6631853243231085e-06,
      -2.436697128427117e-06,
      -2.4392255127147523e-06
    ],
    "D_g_deg_h": [
      0.0059874671675631905,
      -0.00877210966233762,
      -0.008781211845773108
    ],
    "D_g_std_deg_s": [
      0.003987219584797612,
      0.0036463104221233435,
      0.0029555175936420344
    ],
    "bias_per_pose_deg_h": [
      [
        10.483106861581852,
        0.28660411448157236,
        -10.913086380355274
      ],
      [
        0.12962752653972553,
        21.29151913393499,
        21.27567651337053
      ],
      [
        -21.018139140077533,
        10.773842683889885,
        -10.634015791563158
      ],
      [
        10.33829305511041,
        10.682379112459765,
        0.26703707561969053
      ],
      [
        0.09006203319553135,
        -0.05849075341308584,
        0.12354567147378209
      ],
      [
        10.680873885819732,
        -21.52402928088819,
        -10.519430652544312
      ],
      [
        -25.562564830329354,
        -10.739328223683518,
        -0.16050701094007191
      ],
      [
        14.90664034550014,
        -10.782673664080116,
        10.490530880172628
      ]
    ]
  },
  "allan": {
    "status": "OK",
    "time_s": 20.38,
    "ARW_deg_sqrt_h": [
      4.786264876760885,
      3.775142121898484,
      0.24270256741342564
    ],
    "BI_deg_h": [
      0.0006243193232530937,
      0.0004996870471799952,
      3.71813382482206e-05
    ],
    "fitted_slopes": [
      -0.8133012243827772,
      -0.8079421610845702,
      -0.7072886492750416
    ]
  },
  "end_time": "2026-06-09T18:08:55.147957",
  "status": "SUCCESS"
}